X,Y,Z,dX,dY,dZ,day,t_crit_melpeak_s,t_crit_melpeak_h,t_crit_cbtmin_s,t_crit_cbtmin_h,phase_shift_s,melatonin_supression,melatonin_supression_morning,melatonin_supression_evening,KSS_8-12,KSS_12-18,KSS_18-24,KSS_day,vPVTRT_8-12,vPVTRT_12-18,vPVTRT_18-24,vPVTRT_day,Eemel_8-12,Eemel_12-18,Eemel_18-24,Eemel_day
6.716470,8.732871,1.041400,0.220778,0.837412,0.499998,0,14020,3.89,21220,5.89,-20,21.3,7.2,68.5,2.57,2.86,2.89,2.80,252.05,274.42,170.34,229.80,0.40,0.52,0.14,0.35
6.716470,8.732871,1.041400,0.220778,0.837412,0.499998,1,12120,3.37,19320,5.37,-1900,31.1,16.2,70.9,2.71,2.90,2.91,2.86,311.35,284.12,176.05,250.40,0.40,0.52,0.14,0.35
6.716470,8.732871,1.041400,0.220778,0.837412,0.499998,2,10940,3.04,18140,5.04,-1180,33.9,17.5,72.0,2.69,2.88,2.93,2.85,295.93,267.66,185.85,244.05,0.40,0.52,0.14,0.35
6.716470,8.732871,1.041400,0.220778,0.837412,0.499998,3,10200,2.83,17400,4.83,-740,35.7,18.4,72.6,2.70,2.88,2.94,2.86,297.59,262.22,192.88,245.06,0.40,0.49,0.14,0.34
6.716470,8.732871,1.041400,0.220778,0.837412,0.499998,4,9740,2.71,16940,4.71,-460,36.8,18.9,73.0,2.69,2.87,2.95,2.86,291.73,255.99,198.48,243.36,0.40,0.49,0.14,0.34
6.716470,8.732871,1.041400,0.220778,0.837412,0.499998,5,9440,2.62,16640,4.62,-300,37.5,19.3,73.2,2.69,2.87,2.96,2.86,288.17,252.09,202.35,242.45,0.40,0.49,0.14,0.34
6.716470,8.732871,1.041400,0.220778,0.837412,0.499998,6,9240,2.57,16440,4.57,-200,38.0,19.5,73.3,2.68,2.86,2.96,2.86,285.89,249.60,204.87,241.90,0.40,0.49,0.14,0.34
6.716470,8.732871,1.041400,0.220778,0.837412,0.499998,7,9120,2.53,16320,4.53,-120,38.3,19.7,73.4,2.68,2.86,2.97,2.86,284.45,248.00,206.53,241.56,0.40,0.50,0.14,0.34
6.716470,8.732871,1.041400,0.220778,0.837412,0.499998,8,9040,2.51,16240,4.51,-80,38.5,19.8,73.5,2.68,2.86,2.97,2.86,283.53,246.98,207.54,241.33,0.40,0.50,0.14,0.34
6.716470,8.732871,1.041400,0.220778,0.837412,0.499998,9,9000,2.50,16200,4.50,-40,38.6,19.8,73.5,2.68,2.86,2.97,2.86,282.96,246.32,208.20,241.19,0.40,0.50,0.14,0.34
6.716470,8.732871,1.041400,0.220778,0.837412,0.499998,10,8960,2.49,16160,4.49,-40,38.7,19.9,73.5,2.68,2.86,2.97,2.86,282.60,245.90,208.55,241.07,0.40,0.50,0.14,0.34
6.716470,8.732871,1.041400,0.220778,0.837412,0.499998,11,8940,2.48,16140,4.48,-20,38.7,19.9,73.5,2.68,2.86,2.97,2.86,282.39,245.63,208.78,241.00,0.40,0.50,0.14,0.34
6.716470,8.732871,1.041400,0.220778,0.837412,0.499998,12,8940,2.48,16140,4.48,0,38.8,19.9,73.6,2.68,2.86,2.97,2.86,282.26,245.46,208.85,240.93,0.40,0.50,0.14,0.34
6.716470,8.732871,1.041400,0.220778,0.837412,0.499998,13,8920,2.48,16120,4.48,-20,38.8,19.9,73.6,2.68,2.86,2.97,2.86,282.16,245.32,208.93,240.88,0.40,0.50,0.14,0.34
6.716470,8.732871,1.041400,0.220778,0.837412,0.499998,14,8920,2.48,16120,4.48,0,38.8,19.9,73.6,2.68,2.86,2.97,2.86,282.11,245.23,208.91,240.83,0.40,0.50,0.14,0.34
6.716470,8.732871,1.041400,0.220778,0.837412,0.499998,15,8920,2.48,16120,4.48,0,38.8,19.9,73.6,2.68,2.86,2.97,2.86,282.10,245.17,208.89,240.80,0.40,0.50,0.14,0.34
6.716470,8.732871,1.041400,0.220778,0.837412,0.499998,16,8920,2.48,16120,4.48,0,38.8,19.9,73.6,2.68,2.86,2.97,2.86,282.10,245.14,208.81,240.76,0.40,0.50,0.14,0.34
6.716470,8.732871,1.041400,0.220778,0.837412,0.499998,17,8900,2.47,16100,4.47,-20,38.8,19.9,73.6,2.68,2.86,2.97,2.86,282.12,245.14,208.71,240.72,0.40,0.50,0.14,0.34
6.716470,8.732871,1.041400,0.220778,0.837412,0.499998,18,8900,2.47,16100,4.47,0,38.8,19.9,73.6,2.68,2.86,2.97,2.86,282.16,245.13,208.64,240.70,0.40,0.50,0.14,0.34
6.716470,8.732871,1.041400,0.220778,0.837412,0.499998,19,8900,2.47,16100,4.47,0,38.8,19.9,73.6,2.68,2.86,2.97,2.86,282.18,245.13,208.52,240.66,0.40,0.51,0.14,0.34
6.716470,8.732871,1.041400,0.220778,0.837412,0.499998,20,8920,2.48,16120,4.48,20,38.8,19.9,73.6,2.68,2.86,2.97,2.86,282.23,245.12,208.44,240.65,0.40,0.51,0.14,0.34
6.716470,8.732871,1.041400,0.220778,0.837412,0.499998,21,8920,2.48,16120,4.48,0,38.8,19.9,73.6,2.68,2.86,2.97,2.86,282.21,245.10,208.35,240.60,0.40,0.51,0.14,0.34
6.716470,8.732871,1.041400,0.220778,0.837412,0.499998,22,8920,2.48,16120,4.48,0,38.8,19.9,73.6,2.68,2.86,2.97,2.86,282.24,245.08,208.30,240.58,0.40,0.51,0.14,0.34
6.716470,8.732871,1.041400,0.220778,0.837412,0.499998,23,8920,2.48,16120,4.48,0,38.8,19.9,73.6,2.68,2.86,2.97,2.86,282.08,244.84,208.03,240.35,0.40,0.51,0.14,0.34
6.716470,8.732871,1.041400,0.220778,0.837412,0.499998,24,8900,2.47,16100,4.47,-20,38.9,20.0,73.6,2.68,2.86,2.97,2.86,281.92,244.55,207.85,240.13,0.40,0.52,0.14,0.35
6.716470,8.732871,1.041400,0.220778,0.837412,0.499998,25,8900,2.47,16100,4.47,0,38.9,20.0,73.6,2.68,2.86,2.97,2.85,281.67,244.19,207.75,239.89,0.40,0.52,0.14,0.35
6.716470,8.732871,1.041400,0.220778,0.837412,0.499998,26,8880,2.47,16080,4.47,-20,38.9,20.0,73.6,2.68,2.86,2.97,2.85,281.76,244.07,207.43,239.75,0.40,0.52,0.14,0.35
6.716470,8.732871,1.041400,0.220778,0.837412,0.499998,27,8880,2.47,16080,4.47,0,38.9,20.0,73.6,2.68,2.86,2.97,2.85,281.78,243.95,207.10,239.59,0.40,0.53,0.14,0.35
6.716470,8.732871,1.041400,0.220778,0.837412,0.499998,28,8880,2.47,16080,4.47,0,38.9,20.0,73.6,2.68,2.86,2.97,2.85,281.82,243.85,206.76,239.43,0.40,0.53,0.14,0.35
6.716470,8.732871,1.041400,0.220778,0.837412,0.499998,29,8880,2.47,16080,4.47,0,39.0,20.0,73.6,2.68,2.86,2.97,2.85,281.82,243.73,206.44,239.27,0.40,0.54,0.14,0.35
6.716470,8.732871,1.041400,0.220778,0.837412,0.499998,30,8880,2.47,16080,4.47,0,39.0,20.0,73.6,2.68,2.86,2.97,2.85,281.77,243.54,206.23,239.10,0.40,0.54,0.14,0.36
6.716470,8.732871,1.041400,0.220778,0.837412,0.499998,31,8860,2.46,16060,4.46,-20,39.0,20.0,73.6,2.68,2.86,2.97,2.85,281.72,243.37,205.97,238.93,0.40,0.54,0.14,0.36
6.716470,8.732871,1.041400,0.220778,0.837412,0.499998,32,8860,2.46,16060,4.46,0,39.0,20.0,73.6,2.68,2.86,2.97,2.85,281.71,243.22,205.70,238.77,0.39,0.55,0.14,0.36
6.716470,8.732871,1.041400,0.220778,0.837412,0.499998,33,8860,2.46,16060,4.46,0,39.0,20.0,73.6,2.68,2.86,2.97,2.85,281.66,243.04,205.46,238.60,0.39,0.55,0.14,0.36
6.716470,8.732871,1.041400,0.220778,0.837412,0.499998,34,8860,2.46,16060,4.46,0,39.1,20.0,73.7,2.68,2.86,2.97,2.85,281.61,242.87,205.23,238.44,0.39,0.56,0.14,0.36
6.716470,8.732871,1.041400,0.220778,0.837412,0.499998,35,8840,2.46,16040,4.46,-20,39.1,20.0,73.7,2.68,2.85,2.97,2.85,281.56,242.69,205.00,238.27,0.39,0.56,0.14,0.36
6.716470,8.732871,1.041400,0.220778,0.837412,0.499998,36,8840,2.46,16040,4.46,0,39.1,20.0,73.7,2.68,2.85,2.97,2.85,281.51,242.52,204.77,238.11,0.39,0.56,0.14,0.36
6.716470,8.732871,1.041400,0.220778,0.837412,0.499998,37,8840,2.46,16040,4.46,0,39.1,20.0,73.7,2.68,2.85,2.97,2.85,281.42,242.33,204.58,237.94,0.39,0.57,0.14,0.36
6.716470,8.732871,1.041400,0.220778,0.837412,0.499998,38,8820,2.45,16020,4.45,-20,39.1,20.0,73.7,2.68,2.85,2.97,2.85,281.37,242.13,204.43,237.80,0.39,0.57,0.14,0.37
6.716470,8.732871,1.041400,0.220778,0.837412,0.499998,39,8820,2.45,16020,4.45,0,39.2,20.1,73.7,2.68,2.85,2.97,2.85,281.27,241.91,204.26,237.63,0.39,0.58,0.14,0.37
6.716470,8.732871,1.041400,0.220778,0.837412,0.499998,40,8820,2.45,16020,4.45,0,39.2,20.1,73.7,2.68,2.85,2.97,2.85,281.22,241.75,204.06,237.48,0.40,0.58,0.14,0.37
6.716470,8.732871,1.041400,0.220778,0.837412,0.499998,41,8800,2.44,16000,4.44,-20,39.2,20.1,73.7,2.68,2.85,2.97,2.85,281.14,241.57,203.87,237.32,0.40,0.58,0.14,0.37
6.716470,8.732871,1.041400,0.220778,0.837412,0.499998,42,8800,2.44,16000,4.44,0,39.2,20.1,73.7,2.68,2.85,2.97,2.85,281.06,241.39,203.69,237.17,0.40,0.59,0.14,0.37
6.716470,8.732871,1.041400,0.220778,0.837412,0.499998,43,8800,2.44,16000,4.44,0,39.2,20.1,73.7,2.68,2.85,2.97,2.85,280.99,241.21,203.51,237.02,0.40,0.59,0.14,0.37
6.716470,8.732871,1.041400,0.220778,0.837412,0.499998,44,8800,2.44,16000,4.44,0,39.3,20.1,73.7,2.68,2.85,2.97,2.85,280.92,241.03,203.32,236.86,0.40,0.56,0.14,0.36
6.716470,8.732871,1.041400,0.220778,0.837412,0.499998,45,8780,2.44,15980,4.44,-20,39.3,20.1,73.7,2.68,2.85,2.97,2.85,280.91,240.89,203.10,236.72,0.40,0.57,0.14,0.36
6.716470,8.732871,1.041400,0.220778,0.837412,0.499998,46,8780,2.44,15980,4.44,0,39.3,20.1,73.7,2.68,2.85,2.97,2.85,280.87,240.72,202.95,236.60,0.40,0.57,0.14,0.37
6.716470,8.732871,1.041400,0.220778,0.837412,0.499998,47,8780,2.44,15980,4.44,0,39.3,20.1,73.7,2.68,2.85,2.97,2.85,280.76,240.51,202.81,236.43,0.40,0.57,0.14,0.37
6.716470,8.732871,1.041400,0.220778,0.837412,0.499998,48,8760,2.43,15960,4.43,-20,39.3,20.1,73.8,2.68,2.85,2.97,2.85,280.70,240.33,202.64,236.29,0.40,0.58,0.14,0.37
6.716470,8.732871,1.041400,0.220778,0.837412,0.499998,49,8760,2.43,15960,4.43,0,39.4,20.1,73.8,2.68,2.85,2.97,2.85,280.65,240.17,202.45,236.14,0.40,0.58,0.14,0.37
6.716470,8.732871,1.041400,0.220778,0.837412,0.499998,50,8760,2.43,15960,4.43,0,39.4,20.1,73.8,2.68,2.85,2.97,2.85,280.61,240.02,202.25,236.01,0.40,0.58,0.14,0.37
6.716470,8.732871,1.041400,0.220778,0.837412,0.499998,51,8760,2.43,15960,4.43,0,39.4,20.1,73.8,2.68,2.85,2.97,2.85,280.59,239.89,202.04,235.87,0.40,0.59,0.14,0.37
6.716470,8.732871,1.041400,0.220778,0.837412,0.499998,52,8760,2.43,15960,4.43,0,39.4,20.1,73.8,2.68,2.85,2.96,2.85,280.58,239.78,201.82,235.74,0.41,0.59,0.14,0.38
6.716470,8.732871,1.041400,0.220778,0.837412,0.499998,53,8740,2.43,15940,4.43,-20,39.4,20.1,73.8,2.68,2.85,2.96,2.85,280.58,239.67,201.60,235.62,0.41,0.60,0.14,0.38
6.716470,8.732871,1.041400,0.220778,0.837412,0.499998,54,8740,2.43,15940,4.43,0,39.4,20.1,73.8,2.68,2.85,2.96,2.85,280.52,239.52,201.41,235.48,0.41,0.60,0.14,0.38
6.716470,8.732871,1.041400,0.220778,0.837412,0.499998,55,8740,2.43,15940,4.43,0,39.4,20.2,73.8,2.68,2.85,2.96,2.85,280.52,239.41,201.20,235.36,0.41,0.60,0.14,0.38
6.716470,8.732871,1.041400,0.220778,0.837412,0.499998,56,8740,2.43,15940,4.43,0,39.4,20.2,73.8,2.68,2.85,2.96,2.85,280.53,239.32,200.97,235.24,0.41,0.61,0.14,0.38
6.716470,8.732871,1.041400,0.220778,0.837412,0.499998,57,8740,2.43,15940,4.43,0,39.4,20.2,73.8,2.68,2.85,2.96,2.85,280.48,239.19,200.79,235.11,0.41,0.61,0.14,0.38
6.716470,8.732871,1.041400,0.220778,0.837412,0.499998,58,8740,2.43,15940,4.43,0,39.5,20.2,73.8,2.68,2.85,2.96,2.85,280.49,239.09,200.57,235.00,0.41,0.61,0.14,0.39
6.716470,8.732871,1.041400,0.220778,0.837412,0.499998,59,8740,2.43,15940,4.43,0,39.5,20.2,73.8,2.68,2.85,2.96,2.85,280.44,238.97,200.39,234.87,0.41,0.62,0.14,0.39
6.716470,8.732871,1.041400,0.220778,0.837412,0.499998,60,8720,2.42,15920,4.42,-20,39.5,20.2,73.8,2.68,2.85,2.96,2.85,280.45,238.86,200.25,234.78,0.41,0.62,0.14,0.39
6.716470,8.732871,1.041400,0.220778,0.837412,0.499998,61,8720,2.42,15920,4.42,0,39.5,20.2,73.8,2.68,2.85,2.96,2.85,280.38,238.71,200.09,234.64,0.41,0.62,0.14,0.39
6.716470,8.732871,1.041400,0.220778,0.837412,0.499998,62,8720,2.42,15920,4.42,0,39.5,20.2,73.8,2.68,2.85,2.96,2.85,280.39,238.63,199.88,234.54,0.41,0.63,0.14,0.39
6.716470,8.732871,1.041400,0.220778,0.837412,0.499998,63,8720,2.42,15920,4.42,0,39.5,20.2,73.8,2.68,2.85,2.96,2.85,280.35,238.51,199.70,234.42,0.42,0.63,0.14,0.39
6.716470,8.732871,1.041400,0.220778,0.837412,0.499998,64,8720,2.42,15920,4.42,0,39.5,20.2,73.8,2.68,2.85,2.96,2.85,280.38,238.45,199.48,234.32,0.42,0.64,0.14,0.39
6.716470,8.732871,1.041400,0.220778,0.837412,0.499998,65,8720,2.42,15920,4.42,0,39.5,20.2,73.8,2.68,2.85,2.96,2.85,280.35,238.31,199.37,234.22,0.42,0.64,0.14,0.40
6.716470,8.732871,1.041400,0.220778,0.837412,0.499998,66,8720,2.42,15920,4.42,0,39.6,20.2,73.8,2.68,2.85,2.96,2.85,280.27,238.20,199.15,234.08,0.42,0.64,0.14,0.40
6.716470,8.732871,1.041400,0.220778,0.837412,0.499998,67,8720,2.42,15920,4.42,0,39.6,20.2,73.8,2.68,2.85,2.96,2.85,280.33,238.21,199.18,234.10,0.42,0.64,0.14,0.40
6.716470,8.732871,1.041400,0.220778,0.837412,0.499998,68,8700,2.42,15900,4.42,-20,39.6,20.2,73.8,2.68,2.85,2.96,2.85,280.10,237.94,198.96,233.86,0.42,0.64,0.14,0.40
6.716470,8.732871,1.041400,0.220778,0.837412,0.499998,69,8700,2.42,15900,4.42,0,39.6,20.2,73.9,2.68,2.85,2.96,2.85,279.89,237.64,198.80,233.64,0.42,0.65,0.14,0.40
6.716470,8.732871,1.041400,0.220778,0.837412,0.499998,70,8700,2.42,15900,4.42,0,39.6,20.2,73.9,2.68,2.85,2.96,2.85,279.58,237.29,198.65,233.37,0.42,0.65,0.14,0.40
6.716470,8.732871,1.041400,0.220778,0.837412,0.499998,71,8680,2.41,15880,4.41,-20,39.7,20.2,73.9,2.68,2.85,2.96,2.85,279.28,236.94,198.51,233.11,0.42,0.65,0.14,0.40
6.716470,8.732871,1.041400,0.220778,0.837412,0.499998,72,8680,2.41,15880,4.41,0,39.7,20.2,73.9,2.68,2.85,2.96,2.85,278.90,236.52,198.44,232.83,0.42,0.65,0.14,0.40
6.716470,8.732871,1.041400,0.220778,0.837412,0.499998,73,8660,2.41,15860,4.41,-20,39.8,20.3,73.9,2.68,2.85,2.96,2.85,278.51,236.05,198.47,232.57,0.42,0.65,0.14,0.40
6.716470,8.732871,1.041400,0.220778,0.837412,0.499998,74,8640,2.40,15840,4.40,-20,39.8,20.3,73.9,2.68,2.85,2.96,2.85,278.10,235.59,198.45,232.29,0.42,0.65,0.15,0.40
6.716470,8.732871,1.041400,0.220778,0.837412,0.499998,75,8620,2.39,15820,4.39,-20,39.9,20.3,73.9,2.68,2.85,2.96,2.85,277.72,235.16,198.40,232.02,0.42,0.65,0.15,0.41
6.716470,8.732871,1.041400,0.220778,0.837412,0.499998,76,8600,2.39,15800,4.39,-20,39.9,20.3,74.0,2.68,2.85,2.96,2.85,277.30,234.67,198.48,231.75,0.42,0.66,0.15,0.41
6.716470,8.732871,1.041400,0.220778,0.837412,0.499998,77,8600,2.39,15800,4.39,0,39.9,20.4,74.0,2.67,2.84,2.96,2.85,276.92,234.24,198.44,231.48,0.42,0.66,0.15,0.41
6.716470,8.732871,1.041400,0.220778,0.837412,0.499998,78,8580,2.38,15780,4.38,-20,40.0,20.4,74.0,2.67,2.84,2.96,2.85,276.53,233.80,198.41,231.21,0.42,0.66,0.15,0.41
6.716470,8.732871,1.041400,0.220778,0.837412,0.499998,79,8560,2.38,15760,4.38,-20,40.1,20.4,74.0,2.67,2.84,2.96,2.85,276.16,233.35,198.45,230.96,0.43,0.66,0.15,0.41
6.716470,8.732871,1.041400,0.220778,0.837412,0.499998,80,8540,2.37,15740,4.37,-20,40.1,20.4,74.0,2.67,2.84,2.96,2.85,275.77,232.92,198.42,230.70,0.43,0.66,0.15,0.41
6.716470,8.732871,1.041400,0.220778,0.837412,0.499998,81,8540,2.37,15740,4.37,0,40.1,20.4,74.0,2.67,2.84,2.96,2.85,275.44,232.49,198.44,230.46,0.43,0.66,0.15,0.41
6.716470,8.732871,1.041400,0.220778,0.837412,0.499998,82,8520,2.37,15720,4.37,-20,40.2,20.5,74.1,2.67,2.84,2.96,2.85,275.10,232.11,198.37,230.21,0.43,0.67,0.15,0.41
6.716470,8.732871,1.041400,0.220778,0.837412,0.499998,83,8500,2.36,15700,4.36,-20,40.3,20.5,74.1,2.67,2.84,2.96,2.85,274.74,231.70,198.33,229.95,0.43,0.67,0.15,0.41
6.716470,8.732871,1.041400,0.220778,0.837412,0.499998,84,8480,2.36,15680,4.36,-20,40.3,20.5,74.1,2.67,2.84,2.96,2.84,274.46,231.34,198.30,229.73,0.43,0.67,0.15,0.41
6.716470,8.732871,1.041400,0.220778,0.837412,0.499998,85,8480,2.36,15680,4.36,0,40.3,20.5,74.1,2.67,2.84,2.96,2.84,274.11,230.95,198.24,229.47,0.43,0.67,0.15,0.42
6.716470,8.732871,1.041400,0.220778,0.837412,0.499998,86,8460,2.35,15660,4.35,-20,40.4,20.5,74.1,2.67,2.84,2.96,2.84,273.89,230.63,198.17,229.27,0.43,0.67,0.15,0.42
6.716470,8.732871,1.041400,0.220778,0.837412,0.499998,87,8460,2.35,15660,4.35,0,40.4,20.5,74.1,2.67,2.84,2.96,2.84,273.69,230.38,197.98,229.06,0.43,0.67,0.15,0.42
6.716470,8.732871,1.041400,0.220778,0.837412,0.499998,88,8440,2.34,15640,4.34,-20,40.4,20.5,74.1,2.67,2.84,2.96,2.84,273.58,230.17,197.79,228.88,0.43,0.67,0.15,0.42
6.716470,8.732871,1.041400,0.220778,0.837412,0.499998,89,8440,2.34,15640,4.34,0,40.4,20.6,74.1,2.67,2.84,2.96,2.84,273.37,229.92,197.59,228.66,0.43,0.68,0.15,0.42
6.716470,8.732871,1.041400,0.220778,0.837412,0.499998,90,8440,2.34,15640,4.34,0,40.4,20.6,74.1,2.67,2.84,2.96,2.84,273.18,229.68,197.39,228.45,0.43,0.68,0.16,0.42
6.716470,8.732871,1.041400,0.220778,0.837412,0.499998,91,8420,2.34,15620,4.34,-20,40.4,20.6,74.1,2.67,2.84,2.96,2.84,273.00,229.42,197.27,228.26,0.43,0.68,0.16,0.42
6.716470,8.732871,1.041400,0.220778,0.837412,0.499998,92,8420,2.34,15620,4.34,0,40.5,20.6,74.1,2.67,2.84,2.96,2.84,272.94,229.30,196.96,228.08,0.43,0.68,0.16,0.42
6.716470,8.732871,1.041400,0.220778,0.837412,0.499998,93,8420,2.34,15620,4.34,0,40.5,20.6,74.1,2.67,2.84,2.96,2.84,272.84,229.12,196.75,227.91,0.43,0.68,0.16,0.42
6.716470,8.732871,1.041400,0.220778,0.837412,0.499998,94,8420,2.34,15620,4.34,0,40.5,20.6,74.2,2.67,2.84,2.96,2.84,272.57,228.83,196.61,227.68,0.43,0.68,0.16,0.42
6.716470,8.732871,1.041400,0.220778,0.837412,0.499998,95,8400,2.33,15600,4.33,-20,40.5,20.6,74.2,2.67,2.84,2.96,2.84,272.43,228.60,196.47,227.51,0.44,0.68,0.16,0.42
6.716470,8.732871,1.041400,0.220778,0.837412,0.499998,96,8400,2.33,15600,4.33,0,40.6,20.6,74.2,2.67,2.84,2.96,2.84,272.30,228.39,196.32,227.34,0.44,0.69,0.16,0.43
6.716470,8.732871,1.041400,0.220778,0.837412,0.499998,97,8400,2.33,15600,4.33,0,40.6,20.6,74.2,2.67,2.84,2.96,2.84,272.19,228.22,196.06,227.15,0.44,0.69,0.16,0.43
6.716470,8.732871,1.041400,0.220778,0.837412,0.499998,98,8400,2.33,15600,4.33,0,40.6,20.6,74.2,2.67,2.84,2.96,2.84,272.13,228.08,195.84,227.00,0.44,0.69,0.16,0.43
6.716470,8.732871,1.041400,0.220778,0.837412,0.499998,99,8380,2.33,15580,4.33,-20,40.6,20.6,74.2,2.67,2.84,2.96,2.84,271.90,227.83,195.68,226.79,0.44,0.69,0.16,0.43
6.716470,8.732871,1.041400,0.220778,0.837412,0.499998,100,8380,2.33,15580,4.33,0,40.6,20.6,74.2,2.67,2.84,2.96,2.84,271.83,227.67,195.50,226.64,0.44,0.69,0.16,0.43
6.716470,8.732871,1.041400,0.220778,0.837412,0.499998,101,8380,2.33,15580,4.33,0,40.6,20.6,74.2,2.67,2.84,2.96,2.84,271.60,227.38,195.43,226.46,0.44,0.69,0.16,0.43
6.716470,8.732871,1.041400,0.220778,0.837412,0.499998,102,8360,2.32,15560,4.32,-20,40.7,20.6,74.2,2.67,2.84,2.96,2.84,271.51,227.23,195.19,226.29,0.44,0.70,0.16,0.43
6.716470,8.732871,1.041400,0.220778,0.837412,0.499998,103,8360,2.32,15560,4.32,0,40.7,20.7,74.2,2.67,2.84,2.96,2.84,271.32,226.97,195.11,226.11,0.44,0.70,0.16,0.43
6.716470,8.732871,1.041400,0.220778,0.837412,0.499998,104,8360,2.32,15560,4.32,0,40.7,20.7,74.2,2.67,2.84,2.96,2.84,271.26,226.82,194.93,225.97,0.44,0.70,0.16,0.43
6.716470,8.732871,1.041400,0.220778,0.837412,0.499998,105,8360,2.32,15560,4.32,0,40.7,20.7,74.2,2.67,2.84,2.96,2.84,271.05,226.58,194.78,225.77,0.44,0.70,0.16,0.43
6.716470,8.732871,1.041400,0.220778,0.837412,0.499998,106,8340,2.32,15540,4.32,-20,40.7,20.7,74.2,2.67,2.84,2.96,2.84,271.23,226.64,194.38,225.69,0.44,0.70,0.17,0.44
6.716470,8.732871,1.041400,0.220778,0.837412,0.499998,107,8360,2.32,15560,4.32,20,40.7,20.7,74.2,2.67,2.84,2.96,2.84,271.54,226.84,193.81,225.63,0.44,0.70,0.17,0.44
6.716470,8.732871,1.041400,0.220778,0.837412,0.499998,108,8360,2.32,15560,4.32,0,40.7,20.7,74.2,2.67,2.84,2.96,2.84,271.94,227.16,193.12,225.59,0.44,0.75,0.17,0.45
6.716470,8.732871,1.041400,0.220778,0.837412,0.499998,109,8380,2.33,15580,4.33,20,40.6,20.6,74.2,2.67,2.84,2.96,2.84,272.19,227.37,192.48,225.49,0.44,0.75,0.17,0.46
6.716470,8.732871,1.041400,0.220778,0.837412,0.499998,110,8400,2.33,15600,4.33,20,40.6,20.6,74.2,2.67,2.84,2.96,2.84,272.44,227.53,191.93,225.41,0.44,0.75,0.17,0.46
6.716470,8.732871,1.041400,0.220778,0.837412,0.499998,111,8400,2.33,15600,4.33,0,40.6,20.6,74.2,2.67,2.84,2.96,2.84,272.66,227.66,191.42,225.32,0.44,0.76,0.17,0.46
6.716470,8.732871,1.041400,0.220778,0.837412,0.499998,112,8420,2.34,15620,4.34,20,40.5,20.6,74.2,2.67,2.84,2.96,2.84,272.82,227.80,191.28,225.36,0.44,0.76,0.17,0.46
6.716470,8.732871,1.041400,0.220778,0.837412,0.499998,113,8420,2.34,15620,4.34,0,40.5,20.6,74.2,2.67,2.84,2.96,2.84,272.98,227.96,190.78,225.27,0.44,0.76,0.17,0.46
6.716470,8.732871,1.041400,0.220778,0.837412,0.499998,114,8420,2.34,15620,4.34,0,40.5,20.6,74.2,2.67,2.84,2.95,2.84,272.99,227.95,190.50,225.16,0.44,0.75,0.17,0.46
6.716470,8.732871,1.041400,0.220778,0.837412,0.499998,115,8440,2.34,15640,4.34,20,40.5,20.6,74.2,2.67,2.84,2.95,2.84,273.17,228.11,190.00,225.09,0.44,0.75,0.17,0.46
6.716470,8.732871,1.041400,0.220778,0.837412,0.499998,116,8440,2.34,15640,4.34,0,40.5,20.6,74.2,2.67,2.84,2.95,2.84,273.18,228.11,189.72,224.98,0.44,0.75,0.17,0.46
6.716470,8.732871,1.041400,0.220778,0.837412,0.499998,117,8440,2.34,15640,4.34,0,40.4,20.5,74.2,2.67,2.84,2.95,2.84,273.38,228.28,189.22,224.91,0.44,0.75,0.17,0.46
6.716470,8.732871,1.041400,0.220778,0.837412,0.499998,118,8460,2.35,15660,4.35,20,40.4,20.5,74.2,2.67,2.84,2.95,2.84,273.39,228.32,188.85,224.79,0.44,0.75,0.17,0.46
6.716470,8.732871,1.041400,0.220778,0.837412,0.499998,119,8460,2.35,15660,4.35,0,40.4,20.5,74.2,2.67,2.84,2.95,2.84,273.63,228.50,188.38,224.74,0.44,0.75,0.17,0.46
6.716470,8.732871,1.041400,0.220778,0.837412,0.499998,120,8480,2.36,15680,4.36,20,40.4,20.5,74.2,2.67,2.84,2.95,2.84,273.63,228.53,188.01,224.61,0.44,0.75,0.17,0.46
6.716470,8.732871,1.041400,0.220778,0.837412,0.499998,121,8480,2.36,15680,4.36,0,40.4,20.5,74.2,2.67,2.84,2.95,2.84,273.89,228.72,187.53,224.57,0.44,0.75,0.17,0.46
6.716470,8.732871,1.041400,0.220778,0.837412,0.499998,122,8500,2.36,15700,4.36,20,40.3,20.5,74.2,2.67,2.84,2.95,2.84,273.90,228.76,187.16,224.44,0.44,0.75,0.17,0.46
6.716470,8.732871,1.041400,0.220778,0.837412,0.499998,123,8500,2.36,15700,4.36,0,40.3,20.5,74.2,2.67,2.84,2.95,2.84,274.17,228.97,186.66,224.40,0.44,0.75,0.18,0.46
6.716470,8.732871,1.041400,0.220778,0.837412,0.499998,124,8520,2.37,15720,4.37,20,40.3,20.5,74.2,2.67,2.84,2.95,2.84,274.50,229.28,186.00,224.36,0.44,0.75,0.18,0.46
6.716470,8.732871,1.041400,0.220778,0.837412,0.499998,125,8540,2.37,15740,4.37,20,40.2,20.4,74.2,2.67,2.84,2.95,2.84,274.59,229.37,185.61,224.27,0.44,0.75,0.18,0.46
6.716470,8.732871,1.041400,0.220778,0.837412,0.499998,126,8540,2.37,15740,4.37,0,40.2,20.4,74.2,2.67,2.84,2.95,2.84,274.89,229.66,184.99,224.22,0.44,0.75,0.18,0.46
6.716470,8.732871,1.041400,0.220778,0.837412,0.499998,127,8560,2.38,15760,4.38,20,40.2,20.4,74.2,2.67,2.84,2.95,2.84,274.97,229.74,184.62,224.13,0.44,0.75,0.18,0.46
6.716470,8.732871,1.041400,0.220778,0.837412,0.499998,128,8560,2.38,15760,4.38,0,40.2,20.4,74.2,2.67,2.84,2.94,2.84,275.29,230.03,183.99,224.08,0.44,0.75,0.18,0.46
6.716470,8.732871,1.041400,0.220778,0.837412,0.499998,129,8580,2.38,15780,4.38,20,40.1,20.4,74.2,2.67,2.84,2.94,2.84,275.72,230.41,183.31,224.07,0.44,0.75,0.18,0.46
6.716470,8.732871,1.041400,0.220778,0.837412,0.499998,130,8600,2.39,15800,4.39,20,40.1,20.4,74.2,2.67,2.84,2.94,2.84,275.82,230.56,182.81,223.97,0.44,0.75,0.18,0.46
6.716470,8.732871,1.041400,0.220778,0.837412,0.499998,131,8620,2.39,15820,4.39,20,40.0,20.3,74.2,2.67,2.84,2.94,2.84,276.23,230.91,182.17,223.96,0.44,0.75,0.18,0.46
6.716470,8.732871,1.041400,0.220778,0.837412,0.499998,132,8620,2.39,15820,4.39,0,40.0,20.3,74.1,2.68,2.84,2.94,2.84,276.71,231.37,181.36,223.95,0.44,0.75,0.18,0.46
6.716470,8.732871,1.041400,0.220778,0.837412,0.499998,133,8660,2.41,15860,4.41,40,39.9,20.3,74.1,2.68,2.84,2.94,2.84,277.28,231.90,180.52,223.98,0.44,0.75,0.18,0.46
6.716470,8.732871,1.041400,0.220778,0.837412,0.499998,134,8680,2.41,15880,4.41,20,39.8,20.3,74.1,2.68,2.84,2.94,2.84,277.46,232.14,179.93,223.89,0.44,0.75,0.18,0.46
6.716470,8.732871,1.041400,0.220778,0.837412,0.499998,135,8700,2.42,15900,4.42,20,39.8,20.2,74.1,2.68,2.84,2.94,2.84,277.98,232.60,179.18,223.91,0.44,0.75,0.18,0.46
6.716470,8.732871,1.041400,0.220778,0.837412,0.499998,136,8720,2.42,15920,4.42,20,39.7,20.2,74.0,2.68,2.84,2.93,2.84,278.58,233.18,178.25,223.93,0.44,0.75,0.18,0.46
6.716470,8.732871,1.041400,0.220778,0.837412,0.499998,137,8740,2.43,15940,4.43,20,39.6,20.2,74.0,2.68,2.84,2.93,2.84,279.28,233.85,177.28,223.99,0.44,0.75,0.18,0.46
6.716470,8.732871,1.041400,0.220778,0.837412,0.499998,138,8780,2.44,15980,4.44,40,39.5,20.1,74.0,2.68,2.85,2.93,2.84,280.02,234.59,176.18,224.05,0.44,0.75,0.18,0.46
6.716470,8.732871,1.041400,0.220778,0.837412,0.499998,139,8820,2.45,16020,4.45,40,39.4,20.1,73.9,2.68,2.85,2.93,2.84,280.86,235.40,175.07,224.14,0.44,0.75,0.19,0.46
6.716470,8.732871,1.041400,0.220778,0.837412,0.499998,140,8860,2.46,16060,4.46,40,39.3,20.0,73.9,2.68,2.85,2.93,2.84,281.74,236.26,173.91,224.25,0.44,0.75,0.19,0.46
6.716470,8.732871,1.041400,0.220778,0.837412,0.499998,141,8900,2.47,16100,4.47,40,39.1,20.0,73.9,2.68,2.85,2.92,2.84,282.69,237.21,172.62,224.36,0.44,0.75,0.19,0.46
6.716470,8.732871,1.041400,0.220778,0.837412,0.499998,142,8940,2.48,16140,4.48,40,39.0,19.9,73.8,2.68,2.85,2.92,2.84,283.74,238.23,171.31,224.51,0.44,0.75,0.19,0.46
6.716470,8.732871,1.041400,0.220778,0.837412,0.499998,143,8980,2.49,16180,4.49,40,38.8,19.9,73.7,2.69,2.85,2.92,2.84,284.84,239.34,169.88,224.67,0.44,0.75,0.19,0.46
6.716470,8.732871,1.041400,0.220778,0.837412,0.499998,144,9040,2.51,16240,4.51,60,38.7,19.8,73.7,2.69,2.85,2.92,2.84,285.38,239.95,168.99,224.70,0.44,0.75,0.19,0.46
6.716470,8.732871,1.041400,0.220778,0.837412,0.499998,145,9080,2.52,16280,4.52,40,38.6,19.8,73.7,2.69,2.85,2.92,2.83,285.69,240.31,168.37,224.68,0.44,0.75,0.19,0.46
6.716470,8.732871,1.041400,0.220778,0.837412,0.499998,146,9100,2.53,16300,4.53,20,38.6,19.8,73.7,2.69,2.85,2.91,2.83,285.89,240.54,167.83,224.61,0.44,0.75,0.19,0.46
6.716470,8.732871,1.041400,0.220778,0.837412,0.499998,147,9100,2.53,16300,4.53,0,38.6,19.8,73.7,2.69,2.85,2.91,2.83,286.04,240.69,167.42,224.55,0.44,0.75,0.19,0.46
6.716470,8.732871,1.041400,0.220778,0.837412,0.499998,148,9120,2.53,16320,4.53,20,38.5,19.7,73.7,2.69,2.85,2.91,2.83,286.13,240.78,167.07,224.48,0.44,0.75,0.19,0.46
6.716470,8.732871,1.041400,0.220778,0.837412,0.499998,149,9120,2.53,16320,4.53,0,38.5,19.7,73.6,2.69,2.85,2.91,2.83,286.20,240.85,166.75,224.40,0.44,0.75,0.19,0.46
6.716470,8.732871,1.041400,0.220778,0.837412,0.499998,150,9120,2.53,16320,4.53,0,38.5,19.7,73.6,2.69,2.85,2.91,2.83,286.25,240.91,166.39,224.30,0.44,0.75,0.19,0.46
6.716470,8.732871,1.041400,0.220778,0.837412,0.499998,151,9140,2.54,16340,4.54,20,38.5,19.7,73.7,2.69,2.85,2.91,2.83,286.32,240.97,166.08,224.22,0.44,0.75,0.19,0.46
6.716470,8.732871,1.041400,0.220778,0.837412,0.499998,152,9140,2.54,16340,4.54,0,38.5,19.7,73.6,2.69,2.85,2.91,2.83,286.37,241.01,165.79,224.14,0.44,0.75,0.19,0.46
6.716470,8.732871,1.041400,0.220778,0.837412,0.499998,153,9140,2.54,16340,4.54,0,38.4,19.7,73.6,2.69,2.85,2.91,2.83,286.41,241.04,165.50,224.05,0.44,0.75,0.19,0.46
6.716470,8.732871,1.041400,0.220778,0.837412,0.499998,154,9160,2.54,16360,4.54,20,38.4,19.7,73.6,2.69,2.85,2.91,2.83,286.45,241.08,165.16,223.95,0.44,0.75,0.19,0.46
6.716470,8.732871,1.041400,0.220778,0.837412,0.499998,155,9160,2.54,16360,4.54,0,38.4,19.7,73.6,2.69,2.85,2.91,2.83,286.51,241.13,164.86,223.87,0.44,0.75,0.20,0.46
6.716470,8.732871,1.041400,0.220778,0.837412,0.499998,156,9160,2.54,16360,4.54,0,38.4,19.7,73.6,2.69,2.85,2.91,2.83,286.55,241.16,164.58,223.79,0.44,0.75,0.20,0.46
6.716470,8.732871,1.041400,0.220778,0.837412,0.499998,157,9160,2.54,16360,4.54,0,38.4,19.7,73.6,2.69,2.85,2.91,2.83,286.63,241.23,164.51,223.81,0.44,0.75,0.20,0.46
6.716470,8.732871,1.041400,0.220778,0.837412,0.499998,158,9160,2.54,16360,4.54,0,38.4,19.7,73.6,2.69,2.85,2.91,2.83,286.66,241.27,164.43,223.80,0.44,0.75,0.20,0.46
6.716470,8.732871,1.041400,0.220778,0.837412,0.499998,159,9180,2.55,16380,4.55,20,38.4,19.7,73.6,2.69,2.85,2.91,2.83,286.71,241.31,164.31,223.78,0.45,0.75,0.20,0.47
6.716470,8.732871,1.041400,0.220778,0.837412,0.499998,160,9180,2.55,16380,4.55,0,38.4,19.7,73.6,2.69,2.85,2.91,2.83,286.77,241.36,164.18,223.77,0.45,0.75,0.20,0.47
6.716470,8.732871,1.041400,0.220778,0.837412,0.499998,161,9180,2.55,16380,4.55,0,38.4,19.7,73.6,2.69,2.85,2.91,2.83,286.83,241.41,164.10,223.77,0.45,0.75,0.20,0.47
6.716470,8.732871,1.041400,0.220778,0.837412,0.499998,162,9180,2.55,16380,4.55,0,38.3,19.7,73.6,2.69,2.85,2.91,2.83,286.87,241.45,163.97,223.75,0.45,0.75,0.20,0.47
6.716470,8.732871,1.041400,0.220778,0.837412,0.499998,163,9180,2.55,16380,4.55,0,38.3,19.7,73.6,2.69,2.85,2.91,2.83,286.93,241.49,163.89,223.75,0.45,0.75,0.20,0.47
6.716470,8.732871,1.041400,0.220778,0.837412,0.499998,164,9180,2.55,16380,4.55,0,38.3,19.7,73.6,2.69,2.85,2.91,2.83,286.97,241.53,163.77,223.73,0.45,0.75,0.20,0.47
6.716470,8.732871,1.041400,0.220778,0.837412,0.499998,165,9180,2.55,16380,4.55,0,38.3,19.6,73.6,2.69,2.85,2.91,2.83,287.03,241.59,163.64,223.72,0.45,0.75,0.20,0.47
6.716470,8.732871,1.041400,0.220778,0.837412,0.499998,166,9180,2.55,16380,4.55,0,38.3,19.6,73.6,2.69,2.85,2.91,2.83,287.10,241.63,163.55,223.72,0.45,0.75,0.20,0.47
6.716470,8.732871,1.041400,0.220778,0.837412,0.499998,167,9200,2.56,16400,4.56,20,38.3,19.6,73.6,2.69,2.85,2.91,2.83,287.14,241.68,163.43,223.70,0.45,0.75,0.20,0.47
6.716470,8.732871,1.041400,0.220778,0.837412,0.499998,168,9200,2.56,16400,4.56,0,38.3,19.6,73.6,2.69,2.85,2.91,2.83,287.20,241.73,163.29,223.69,0.45,0.75,0.20,0.47
6.716470,8.732871,1.041400,0.220778,0.837412,0.499998,169,9200,2.56,16400,4.56,0,38.3,19.6,73.6,2.69,2.85,2.91,2.83,287.27,241.78,163.21,223.69,0.45,0.75,0.20,0.47
6.716470,8.732871,1.041400,0.220778,0.837412,0.499998,170,9200,2.56,16400,4.56,0,38.3,19.6,73.6,2.69,2.85,2.91,2.83,287.31,241.83,163.08,223.67,0.45,0.75,0.20,0.47
6.716470,8.732871,1.041400,0.220778,0.837412,0.499998,171,9200,2.56,16400,4.56,0,38.3,19.6,73.6,2.69,2.85,2.91,2.83,287.37,241.87,163.00,223.67,0.45,0.76,0.20,0.47
6.716470,8.732871,1.041400,0.220778,0.837412,0.499998,172,9200,2.56,16400,4.56,0,38.3,19.6,73.6,2.69,2.85,2.91,2.83,287.41,241.92,162.88,223.65,0.45,0.76,0.20,0.47
6.716470,8.732871,1.041400,0.220778,0.837412,0.499998,173,9200,2.56,16400,4.56,0,38.3,19.6,73.6,2.69,2.85,2.91,2.83,287.47,241.98,162.74,223.64,0.45,0.76,0.20,0.47
6.716470,8.732871,1.041400,0.220778,0.837412,0.499998,174,9200,2.56,16400,4.56,0,38.3,19.6,73.6,2.69,2.85,2.91,2.83,287.54,242.02,162.66,223.64,0.45,0.76,0.20,0.47
6.716470,8.732871,1.041400,0.220778,0.837412,0.499998,175,9220,2.56,16420,4.56,20,38.3,19.6,73.6,2.69,2.85,2.91,2.83,287.58,242.07,162.53,223.62,0.45,0.76,0.20,0.47
6.716470,8.732871,1.041400,0.220778,0.837412,0.499998,176,9220,2.56,16420,4.56,0,38.3,19.6,73.6,2.69,2.85,2.91,2.83,287.64,242.12,162.46,223.63,0.45,0.76,0.20,0.47
6.716470,8.732871,1.041400,0.220778,0.837412,0.499998,177,9220,2.56,16420,4.56,0,38.2,19.6,73.5,2.69,2.86,2.91,2.83,287.69,242.17,162.33,223.61,0.45,0.76,0.20,0.47
6.716470,8.732871,1.041400,0.220778,0.837412,0.499998,178,9220,2.56,16420,4.56,0,38.2,19.6,73.5,2.69,2.86,2.91,2.83,287.75,242.23,162.19,223.60,0.45,0.76,0.20,0.47
6.716470,8.732871,1.041400,0.220778,0.837412,0.499998,179,9220,2.56,16420,4.56,0,38.2,19.6,73.5,2.69,2.86,2.91,2.83,287.81,242.28,162.11,223.60,0.45,0.76,0.20,0.47
6.716470,8.732871,1.041400,0.220778,0.837412,0.499998,180,9220,2.56,16420,4.56,0,38.2,19.6,73.5,2.69,2.86,2.91,2.83,287.86,242.33,161.98,223.58,0.45,0.76,0.20,0.47
6.716470,8.732871,1.041400,0.220778,0.837412,0.499998,181,9220,2.56,16420,4.56,0,38.2,19.6,73.5,2.69,2.86,2.91,2.83,287.92,242.37,161.90,223.59,0.45,0.76,0.20,0.47
6.716470,8.732871,1.041400,0.220778,0.837412,0.499998,182,9220,2.56,16420,4.56,0,38.2,19.6,73.5,2.69,2.86,2.91,2.83,287.96,242.43,161.78,223.57,0.45,0.76,0.20,0.47
6.716470,8.732871,1.041400,0.220778,0.837412,0.499998,183,9240,2.57,16440,4.57,20,38.2,19.6,73.5,2.69,2.86,2.90,2.83,288.03,242.50,161.64,223.56,0.45,0.76,0.20,0.47
6.716470,8.732871,1.041400,0.220778,0.837412,0.499998,184,9240,2.57,16440,4.57,0,38.2,19.6,73.5,2.69,2.86,2.90,2.83,288.09,242.54,161.56,223.56,0.45,0.76,0.20,0.47
6.716470,8.732871,1.041400,0.220778,0.837412,0.499998,185,9240,2.57,16440,4.57,0,38.2,19.6,73.5,2.69,2.86,2.90,2.83,288.14,242.60,161.43,223.55,0.45,0.76,0.20,0.47
6.716470,8.732871,1.041400,0.220778,0.837412,0.499998,186,9240,2.57,16440,4.57,0,38.2,19.6,73.5,2.69,2.86,2.90,2.83,288.20,242.65,161.35,223.55,0.45,0.76,0.20,0.47
6.716470,8.732871,1.041400,0.220778,0.837412,0.499998,187,9240,2.57,16440,4.57,0,38.2,19.6,73.5,2.69,2.86,2.90,2.83,288.24,242.70,161.22,223.53,0.45,0.77,0.20,0.47
6.716470,8.732871,1.041400,0.220778,0.837412,0.499998,188,9240,2.57,16440,4.57,0,38.2,19.6,73.5,2.69,2.86,2.90,2.83,288.31,242.78,161.08,223.52,0.45,0.77,0.20,0.47
6.716470,8.732871,1.041400,0.220778,0.837412,0.499998,189,9240,2.57,16440,4.57,0,38.1,19.6,73.5,2.69,2.86,2.90,2.83,288.37,242.82,161.00,223.53,0.45,0.77,0.20,0.47
6.716470,8.732871,1.041400,0.220778,0.837412,0.499998,190,9260,2.57,16460,4.57,20,38.1,19.6,73.5,2.69,2.86,2.90,2.83,288.42,242.89,160.87,223.51,0.45,0.77,0.20,0.47
6.716470,8.732871,1.041400,0.220778,0.837412,0.499998,191,9260,2.57,16460,4.57,0,38.1,19.6,73.5,2.69,2.86,2.90,2.83,288.48,242.96,160.73,223.51,0.45,0.77,0.20,0.47
6.716470,8.732871,1.041400,0.220778,0.837412,0.499998,192,9260,2.57,16460,4.57,0,38.1,19.6,73.5,2.69,2.86,2.90,2.83,288.55,243.01,160.65,223.51,0.45,0.77,0.20,0.47
6.716470,8.732871,1.041400,0.220778,0.837412,0.499998,193,9260,2.57,16460,4.57,0,38.1,19.6,73.5,2.69,2.86,2.90,2.83,288.60,243.08,160.52,223.50,0.45,0.77,0.20,0.47
6.716470,8.732871,1.041400,0.220778,0.837412,0.499998,194,9260,2.57,16460,4.57,0,38.1,19.6,73.5,2.69,2.86,2.90,2.83,288.66,243.13,160.44,223.50,0.45,0.77,0.20,0.47
6.716470,8.732871,1.041400,0.220778,0.837412,0.499998,195,9260,2.57,16460,4.57,0,38.1,19.6,73.5,2.69,2.86,2.90,2.83,288.04,242.62,160.84,223.31,0.45,0.77,0.20,0.47
6.716470,8.732871,1.041400,0.220778,0.837412,0.499998,196,9240,2.57,16440,4.57,-20,38.2,19.6,73.5,2.69,2.86,2.90,2.83,287.89,242.43,160.96,223.24,0.45,0.77,0.20,0.48
6.716470,8.732871,1.041400,0.220778,0.837412,0.499998,197,9240,2.57,16440,4.57,0,38.2,19.6,73.5,2.69,2.86,2.90,2.83,287.83,242.33,161.02,223.22,0.45,0.77,0.20,0.48
6.716470,8.732871,1.041400,0.220778,0.837412,0.499998,198,9220,2.56,16420,4.56,-20,38.2,19.6,73.5,2.69,2.86,2.90,2.83,287.81,242.32,160.97,223.18,0.45,0.77,0.20,0.48
6.716470,8.732871,1.041400,0.220778,0.837412,0.499998,199,9220,2.56,16420,4.56,0,38.2,19.6,73.5,2.69,2.85,2.91,2.83,287.22,241.78,161.43,223.01,0.45,0.77,0.20,0.48
6.716470,8.732871,1.041400,0.220778,0.837412,0.499998,200,9200,2.56,16400,4.56,-20,38.3,19.6,73.5,2.69,2.85,2.91,2.83,287.04,241.58,161.57,222.94,0.45,0.77,0.20,0.48
6.716470,8.732871,1.041400,0.220778,0.837412,0.499998,201,9200,2.56,16400,4.56,0,38.3,19.6,73.5,2.69,2.85,2.91,2.83,286.98,241.51,161.57,222.90,0.45,0.77,0.20,0.48
6.716470,8.732871,1.041400,0.220778,0.837412,0.499998,202,9200,2.56,16400,4.56,0,38.3,19.6,73.6,2.69,2.85,2.91,2.83,286.97,241.48,161.61,222.90,0.45,0.77,0.20,0.48
6.716470,8.732871,1.041400,0.220778,0.837412,0.499998,203,9200,2.56,16400,4.56,0,38.4,19.6,73.6,2.69,2.85,2.91,2.83,286.46,241.01,162.58,222.96,0.45,0.77,0.20,0.48
6.716470,8.732871,1.041400,0.220778,0.837412,0.499998,204,9160,2.54,16360,4.54,-40,38.4,19.7,73.6,2.69,2.85,2.91,2.83,285.65,240.30,163.75,222.93,0.45,0.77,0.20,0.47
6.716470,8.732871,1.041400,0.220778,0.837412,0.499998,205,9140,2.54,16340,4.54,-20,38.6,19.7,73.7,2.69,2.85,2.91,2.83,284.28,239.07,165.44,222.76,0.45,0.77,0.20,0.47
6.716470,8.732871,1.041400,0.220778,0.837412,0.499998,206,9080,2.52,16280,4.52,-60,38.8,19.8,73.8,2.68,2.85,2.92,2.83,283.28,238.08,166.94,222.70,0.45,0.77,0.19,0.47
6.716470,8.732871,1.041400,0.220778,0.837412,0.499998,207,9020,2.51,16220,4.51,-60,38.9,19.8,73.8,2.68,2.85,2.92,2.83,282.38,237.20,168.33,222.67,0.44,0.77,0.19,0.47
6.716470,8.732871,1.041400,0.220778,0.837412,0.499998,208,8980,2.49,16180,4.49,-40,39.0,19.9,73.9,2.68,2.85,2.92,2.83,281.14,236.01,170.08,222.57,0.44,0.76,0.19,0.47
6.716470,8.732871,1.041400,0.220778,0.837412,0.499998,209,8920,2.48,16120,4.48,-60,39.2,20.0,73.9,2.68,2.85,2.92,2.83,279.87,234.80,171.84,222.46,0.44,0.76,0.19,0.47
6.716470,8.732871,1.041400,0.220778,0.837412,0.499998,210,8880,2.47,16080,4.47,-40,39.4,20.0,74.0,2.68,2.84,2.93,2.83,278.67,233.64,173.58,222.37,0.44,0.76,0.19,0.47
6.716470,8.732871,1.041400,0.220778,0.837412,0.499998,211,8820,2.45,16020,4.45,-60,39.6,20.1,74.1,2.68,2.84,2.93,2.83,277.56,232.56,175.25,222.32,0.44,0.76,0.19,0.47
6.716470,8.732871,1.041400,0.220778,0.837412,0.499998,212,8760,2.43,15960,4.43,-60,39.7,20.2,74.1,2.68,2.84,2.93,2.83,276.54,231.57,176.85,222.29,0.44,0.76,0.19,0.46
6.716470,8.732871,1.041400,0.220778,0.837412,0.499998,213,8720,2.42,15920,4.42,-40,39.8,20.2,74.2,2.67,2.84,2.94,2.83,275.60,230.67,178.36,222.29,0.44,0.75,0.19,0.46
6.716470,8.732871,1.041400,0.220778,0.837412,0.499998,214,8680,2.41,15880,4.41,-40,39.9,20.3,74.2,2.67,2.84,2.94,2.83,275.01,230.04,179.65,222.39,0.44,0.75,0.19,0.46
6.716470,8.732871,1.041400,0.220778,0.837412,0.499998,215,8640,2.40,15840,4.40,-40,40.1,20.3,74.2,2.67,2.84,2.94,2.84,274.27,229.37,180.94,222.43,0.44,0.75,0.18,0.46
6.716470,8.732871,1.041400,0.220778,0.837412,0.499998,216,8600,2.39,15800,4.39,-40,40.2,20.4,74.3,2.67,2.84,2.94,2.84,273.81,228.92,182.01,222.55,0.44,0.75,0.18,0.46
6.716470,8.732871,1.041400,0.220778,0.837412,0.499998,217,8580,2.38,15780,4.38,-20,40.2,20.4,74.3,2.67,2.84,2.94,2.84,273.22,228.40,183.16,222.64,0.44,0.75,0.18,0.46
6.716470,8.732871,1.041400,0.220778,0.837412,0.499998,218,8540,2.37,15740,4.37,-40,40.3,20.4,74.3,2.67,2.84,2.94,2.84,272.85,228.06,184.13,222.78,0.44,0.75,0.18,0.46
6.716470,8.732871,1.041400,0.220778,0.837412,0.499998,219,8520,2.37,15720,4.37,-20,40.3,20.4,74.3,2.67,2.84,2.95,2.84,272.55,227.80,185.01,222.94,0.44,0.74,0.18,0.46
6.716470,8.732871,1.041400,0.220778,0.837412,0.499998,220,8500,2.36,15700,4.36,-20,40.4,20.5,74.3,2.67,2.84,2.95,2.84,272.30,227.60,185.83,223.11,0.44,0.74,0.18,0.46
6.716470,8.732871,1.041400,0.220778,0.837412,0.499998,221,8500,2.36,15700,4.36,0,40.4,20.5,74.3,2.67,2.84,2.95,2.84,272.08,227.39,186.69,223.30,0.44,0.74,0.18,0.45
6.716470,8.732871,1.041400,0.220778,0.837412,0.499998,222,8480,2.36,15680,4.36,-20,40.5,20.5,74.4,2.67,2.84,2.95,2.84,271.86,227.22,187.48,223.48,0.44,0.74,0.18,0.45
6.716470,8.732871,1.041400,0.220778,0.837412,0.499998,223,8460,2.35,15660,4.35,-20,40.5,20.5,74.3,2.67,2.84,2.95,2.84,271.67,227.09,188.24,223.67,0.44,0.74,0.18,0.45
6.716470,8.732871,1.041400,0.220778,0.837412,0.499998,224,8460,2.35,15660,4.35,0,40.6,20.5,74.4,2.67,2.84,2.95,2.84,271.51,226.98,188.98,223.86,0.44,0.74,0.17,0.45
6.716470,8.732871,1.041400,0.220778,0.837412,0.499998,225,8440,2.34,15640,4.34,-20,40.6,20.6,74.3,2.67,2.84,2.95,2.84,271.36,226.89,189.70,224.06,0.44,0.73,0.17,0.45
6.716470,8.732871,1.041400,0.220778,0.837412,0.499998,226,8420,2.34,15620,4.34,-20,40.6,20.6,74.4,2.67,2.84,2.95,2.84,271.22,226.81,190.41,224.26,0.44,0.73,0.17,0.45
6.716470,8.732871,1.041400,0.220778,0.837412,0.499998,227,8420,2.34,15620,4.34,0,40.6,20.6,74.4,2.67,2.84,2.96,2.84,271.10,226.74,191.11,224.47,0.44,0.73,0.17,0.45
6.716470,8.732871,1.041400,0.220778,0.837412,0.499998,228,8400,2.33,15600,4.33,-20,40.7,20.6,74.4,2.67,2.84,2.96,2.84,270.99,226.68,191.80,224.68,0.44,0.73,0.17,0.45
6.716470,8.732871,1.041400,0.220778,0.837412,0.499998,229,8400,2.33,15600,4.33,0,40.7,20.6,74.4,2.67,2.84,2.96,2.84,270.73,226.50,192.63,224.86,0.44,0.73,0.17,0.45
6.716470,8.732871,1.041400,0.220778,0.837412,0.499998,230,8380,2.33,15580,4.33,-20,40.7,20.6,74.4,2.67,2.84,2.96,2.84,270.59,226.37,193.45,225.08,0.44,0.73,0.17,0.44
6.716470,8.732871,1.041400,0.220778,0.837412,0.499998,231,8380,2.33,15580,4.33,0,40.7,20.6,74.4,2.67,2.84,2.96,2.84,270.46,226.30,194.18,225.29,0.43,0.72,0.17,0.44
6.716470,8.732871,1.041400,0.220778,0.837412,0.499998,232,8360,2.32,15560,4.32,-20,40.8,20.7,74.4,2.67,2.84,2.96,2.84,270.37,226.26,194.87,225.52,0.43,0.72,0.17,0.44
6.716470,8.732871,1.041400,0.220778,0.837412,0.499998,233,8360,2.32,15560,4.32,0,40.8,20.7,74.4,2.67,2.84,2.96,2.84,270.30,226.24,195.54,225.74,0.43,0.72,0.17,0.44
6.716470,8.732871,1.041400,0.220778,0.837412,0.499998,234,8340,2.32,15540,4.32,-20,40.8,20.7,74.4,2.67,2.84,2.96,2.84,270.10,226.12,196.33,225.94,0.43,0.72,0.16,0.44
6.716470,8.732871,1.041400,0.220778,0.837412,0.499998,235,8340,2.32,15540,4.32,0,40.8,20.7,74.4,2.67,2.83,2.96,2.84,270.01,226.08,197.04,226.17,0.43,0.72,0.16,0.44
6.716470,8.732871,1.041400,0.220778,0.837412,0.499998,236,8320,2.31,15520,4.31,-20,40.8,20.7,74.3,2.67,2.83,2.97,2.84,269.96,226.07,197.71,226.41,0.43,0.72,0.16,0.44
6.716470,8.732871,1.041400,0.220778,0.837412,0.499998,237,8320,2.31,15520,4.31,0,40.9,20.7,74.4,2.67,2.83,2.97,2.84,269.92,226.09,198.35,226.65,0.43,0.71,0.16,0.44
6.716470,8.732871,1.041400,0.220778,0.837412,0.499998,238,8300,2.31,15500,4.31,-20,40.9,20.7,74.3,2.67,2.83,2.97,2.84,269.91,226.13,198.98,226.89,0.43,0.71,0.16,0.43
6.716470,8.732871,1.041400,0.220778,0.837412,0.499998,239,8300,2.31,15500,4.31,0,40.9,20.7,74.3,2.67,2.84,2.97,2.84,269.90,226.18,199.59,227.14,0.43,0.71,0.16,0.43
6.716470,8.732871,1.041400,0.220778,0.837412,0.499998,240,8300,2.31,15500,4.31,0,40.9,20.7,74.3,2.67,2.84,2.97,2.84,270.05,226.36,200.07,227.43,0.43,0.71,0.16,0.43
6.716470,8.732871,1.041400,0.220778,0.837412,0.499998,241,8300,2.31,15500,4.31,0,40.9,20.7,74.3,2.67,2.84,2.97,2.84,270.25,226.60,200.48,227.72,0.43,0.71,0.16,0.43
6.716470,8.732871,1.041400,0.220778,0.837412,0.499998,242,8300,2.31,15500,4.31,0,40.9,20.7,74.3,2.67,2.84,2.97,2.84,270.48,226.85,200.91,228.03,0.43,0.70,0.16,0.43
6.716470,8.732871,1.041400,0.220778,0.837412,0.499998,243,8300,2.31,15500,4.31,0,40.8,20.7,74.3,2.67,2.84,2.97,2.84,270.57,227.02,201.39,228.29,0.43,0.70,0.15,0.43
6.716470,8.732871,1.041400,0.220778,0.837412,0.499998,244,8300,2.31,15500,4.31,0,40.8,20.7,74.3,2.67,2.84,2.97,2.84,270.80,227.28,201.77,228.59,0.43,0.70,0.15,0.43
6.716470,8.732871,1.041400,0.220778,0.837412,0.499998,245,8300,2.31,15500,4.31,0,40.8,20.7,74.2,2.67,2.84,2.97,2.85,271.06,227.58,202.11,228.90,0.43,0.70,0.15,0.43
6.716470,8.732871,1.041400,0.220778,0.837412,0.499998,246,8320,2.31,15520,4.31,20,40.8,20.7,74.2,2.67,2.84,2.97,2.85,271.34,227.92,202.42,229.21,0.43,0.70,0.15,0.43
6.716470,8.732871,1.041400,0.220778,0.837412,0.499998,247,8320,2.31,15520,4.31,0,40.8,20.7,74.2,2.67,2.84,2.97,2.85,271.31,227.95,202.33,229.18,0.43,0.70,0.15,0.43
6.716470,8.732871,1.041400,0.220778,0.837412,0.499998,248,8320,2.31,15520,4.31,0,40.8,20.7,74.2,2.67,2.84,2.97,2.85,271.52,228.20,202.47,229.38,0.43,0.69,0.15,0.42
6.716470,8.732871,1.041400,0.220778,0.837412,0.499998,249,8320,2.31,15520,4.31,0,40.7,20.7,74.2,2.67,2.84,2.97,2.85,271.52,228.29,202.78,229.53,0.43,0.69,0.15,0.42
6.716470,8.732871,1.041400,0.220778,0.837412,0.499998,250,8320,2.31,15520,4.31,0,40.7,20.7,74.2,2.67,2.84,2.97,2.85,271.61,228.43,203.05,229.71,0.43,0.69,0.15,0.42
6.716470,8.732871,1.041400,0.220778,0.837412,0.499998,251,8340,2.32,15540,4.32,20,40.7,20.7,74.2,2.67,2.84,2.97,2.85,271.71,228.63,203.23,229.87,0.43,0.69,0.15,0.42
6.716470,8.732871,1.041400,0.220778,0.837412,0.499998,252,8340,2.32,15540,4.32,0,40.7,20.7,74.2,2.67,2.84,2.97,2.85,271.73,228.73,203.55,230.04,0.43,0.68,0.15,0.42
6.716470,8.732871,1.041400,0.220778,0.837412,0.499998,253,8340,2.32,15540,4.32,0,40.7,20.7,74.2,2.67,2.84,2.97,2.85,271.82,228.92,203.75,230.21,0.42,0.68,0.15,0.42
6.716470,8.732871,1.041400,0.220778,0.837412,0.499998,254,8340,2.32,15540,4.32,0,40.7,20.7,74.2,2.67,2.84,2.97,2.85,271.83,229.02,204.09,230.37,0.42,0.68,0.15,0.42
6.716470,8.732871,1.041400,0.220778,0.837412,0.499998,255,8340,2.32,15540,4.32,0,40.7,20.7,74.2,2.67,2.84,2.97,2.85,271.93,229.21,204.30,230.55,0.42,0.67,0.15,0.41
6.716470,8.732871,1.041400,0.220778,0.837412,0.499998,256,8340,2.32,15540,4.32,0,40.6,20.7,74.2,2.67,2.84,2.97,2.85,271.96,229.32,204.63,230.72,0.42,0.67,0.15,0.41
6.716470,8.732871,1.041400,0.220778,0.837412,0.499998,257,8360,2.32,15560,4.32,20,40.6,20.7,74.2,2.67,2.84,2.97,2.85,272.06,229.49,204.92,230.92,0.42,0.67,0.15,0.41
6.716470,8.732871,1.041400,0.220778,0.837412,0.499998,258,8360,2.32,15560,4.32,0,40.6,20.7,74.2,2.67,2.84,2.97,2.85,272.07,229.62,205.20,231.08,0.42,0.66,0.15,0.41
6.716470,8.732871,1.041400,0.220778,0.837412,0.499998,259,8360,2.32,15560,4.32,0,40.6,20.7,74.2,2.67,2.84,2.97,2.85,272.20,229.82,205.47,231.29,0.42,0.66,0.15,0.41
6.716470,8.732871,1.041400,0.220778,0.837412,0.499998,260,8360,2.32,15560,4.32,0,40.6,20.7,74.2,2.67,2.84,2.98,2.85,272.23,229.97,205.75,231.45,0.42,0.66,0.15,0.41
6.716470,8.732871,1.041400,0.220778,0.837412,0.499998,261,8360,2.32,15560,4.32,0,40.6,20.7,74.1,2.67,2.84,2.98,2.85,272.38,230.18,206.02,231.67,0.42,0.65,0.15,0.41
6.716470,8.732871,1.041400,0.220778,0.837412,0.499998,262,8360,2.32,15560,4.32,0,40.6,20.6,74.1,2.67,2.84,2.98,2.85,272.42,230.35,206.28,231.84,0.42,0.65,0.15,0.40
6.716470,8.732871,1.041400,0.220778,0.837412,0.499998,263,8380,2.33,15580,4.33,20,40.5,20.6,74.1,2.67,2.84,2.98,2.85,272.58,230.57,206.54,232.06,0.42,0.65,0.15,0.40
6.716470,8.732871,1.041400,0.220778,0.837412,0.499998,264,8380,2.33,15580,4.33,0,40.5,20.6,74.1,2.67,2.84,2.98,2.85,272.64,230.75,206.81,232.25,0.42,0.64,0.15,0.40
6.716470,8.732871,1.041400,0.220778,0.837412,0.499998,265,8380,2.33,15580,4.33,0,40.5,20.6,74.1,2.67,2.84,2.98,2.85,272.81,231.02,207.00,232.46,0.42,0.64,0.15,0.40
6.716470,8.732871,1.041400,0.220778,0.837412,0.499998,266,8400,2.33,15600,4.33,20,40.5,20.6,74.1,2.67,2.84,2.98,2.85,272.91,231.21,207.30,232.67,0.42,0.64,0.15,0.40
6.716470,8.732871,1.041400,0.220778,0.837412,0.499998,267,8400,2.33,15600,4.33,0,40.5,20.6,74.1,2.67,2.84,2.98,2.85,272.98,231.40,207.58,232.86,0.42,0.63,0.15,0.40
6.716470,8.732871,1.041400,0.220778,0.837412,0.499998,268,8400,2.33,15600,4.33,0,40.4,20.6,74.1,2.67,2.84,2.98,2.85,273.06,231.57,207.94,233.08,0.42,0.63,0.15,0.39
6.716470,8.732871,1.041400,0.220778,0.837412,0.499998,269,8400,2.33,15600,4.33,0,40.4,20.6,74.1,2.67,2.84,2.98,2.85,273.22,231.83,208.16,233.30,0.42,0.63,0.15,0.39
6.716470,8.732871,1.041400,0.220778,0.837412,0.499998,270,8420,2.34,15620,4.34,20,40.4,20.6,74.1,2.67,2.84,2.98,2.85,273.34,232.04,208.47,233.53,0.42,0.62,0.15,0.39
6.716470,8.732871,1.041400,0.220778,0.837412,0.499998,271,8420,2.34,15620,4.34,0,40.4,20.6,74.1,2.67,2.84,2.98,2.85,273.43,232.25,208.76,233.73,0.41,0.62,0.15,0.39
6.716470,8.732871,1.041400,0.220778,0.837412,0.499998,272,8420,2.34,15620,4.34,0,40.4,20.6,74.1,2.67,2.84,2.98,2.85,273.54,232.45,209.10,233.97,0.41,0.62,0.15,0.39
6.716470,8.732871,1.041400,0.220778,0.837412,0.499998,273,8420,2.34,15620,4.34,0,40.3,20.5,74.1,2.67,2.84,2.98,2.85,273.64,232.66,209.40,234.18,0.41,0.61,0.14,0.39
6.716470,8.732871,1.041400,0.220778,0.837412,0.499998,274,8440,2.34,15640,4.34,20,40.3,20.5,74.1,2.67,2.84,2.98,2.85,273.85,232.97,209.60,234.43,0.41,0.61,0.14,0.39
6.716470,8.732871,1.041400,0.220778,0.837412,0.499998,275,8440,2.34,15640,4.34,0,40.3,20.5,74.1,2.67,2.84,2.98,2.85,274.01,233.23,209.90,234.68,0.41,0.61,0.14,0.38
6.716470,8.732871,1.041400,0.220778,0.837412,0.499998,276,8440,2.34,15640,4.34,0,40.3,20.5,74.1,2.67,2.84,2.98,2.85,274.15,233.48,210.16,234.91,0.41,0.60,0.14,0.38
6.716470,8.732871,1.041400,0.220778,0.837412,0.499998,277,8460,2.35,15660,4.35,20,40.3,20.5,74.0,2.67,2.84,2.98,2.85,274.31,233.74,210.49,235.16,0.41,0.60,0.14,0.38
6.716470,8.732871,1.041400,0.220778,0.837412,0.499998,278,8460,2.35,15660,4.35,0,40.2,20.5,74.0,2.67,2.84,2.98,2.85,274.37,233.92,210.84,235.38,0.41,0.60,0.14,0.38
6.716470,8.732871,1.041400,0.220778,0.837412,0.499998,279,8460,2.35,15660,4.35,0,40.2,20.5,74.0,2.67,2.84,2.98,2.85,274.50,234.17,211.15,235.62,0.41,0.59,0.14,0.38
6.716470,8.732871,1.041400,0.220778,0.837412,0.499998,280,8480,2.36,15680,4.36,20,40.2,20.5,74.0,2.67,2.84,2.98,2.85,274.66,234.42,211.50,235.89,0.41,0.59,0.14,0.38
6.716470,8.732871,1.041400,0.220778,0.837412,0.499998,281,8480,2.36,15680,4.36,0,40.2,20.5,74.0,2.67,2.84,2.98,2.85,274.82,234.69,211.79,236.13,0.41,0.59,0.14,0.38
6.716470,8.732871,1.041400,0.220778,0.837412,0.499998,282,8480,2.36,15680,4.36,0,40.1,20.5,74.0,2.67,2.85,2.98,2.85,274.92,234.92,212.13,236.37,0.41,0.58,0.14,0.37
6.716470,8.732871,1.041400,0.220778,0.837412,0.499998,283,8500,2.36,15700,4.36,20,40.1,20.5,74.0,2.67,2.85,2.98,2.85,275.09,235.18,212.50,236.65,0.41,0.58,0.14,0.37
6.716470,8.732871,1.041400,0.220778,0.837412,0.499998,284,8500,2.36,15700,4.36,0,40.1,20.5,74.0,2.67,2.85,2.98,2.85,275.17,235.39,212.87,236.89,0.41,0.58,0.14,0.37
6.716470,8.732871,1.041400,0.220778,0.837412,0.499998,285,8500,2.36,15700,4.36,0,40.1,20.5,74.0,2.67,2.85,2.98,2.85,275.35,235.68,213.18,237.16,0.41,0.57,0.14,0.37
6.716470,8.732871,1.041400,0.220778,0.837412,0.499998,286,8520,2.37,15720,4.37,20,40.1,20.4,74.0,2.67,2.85,2.98,2.85,275.46,235.90,213.60,237.43,0.41,0.57,0.14,0.37
6.716470,8.732871,1.041400,0.220778,0.837412,0.499998,287,8520,2.37,15720,4.37,0,40.0,20.4,74.0,2.67,2.85,2.98,2.85,275.54,236.11,214.00,237.68,0.41,0.57,0.14,0.37
6.716470,8.732871,1.041400,0.220778,0.837412,0.499998,288,8520,2.37,15720,4.37,0,40.0,20.4,74.0,2.67,2.85,2.98,2.85,275.63,236.33,214.41,237.93,0.41,0.56,0.14,0.37
6.716470,8.732871,1.041400,0.220778,0.837412,0.499998,289,8520,2.37,15720,4.37,0,40.0,20.4,74.0,2.67,2.85,2.98,2.85,275.73,236.53,214.88,238.21,0.40,0.56,0.14,0.36
6.716470,8.732871,1.041400,0.220778,0.837412,0.499998,290,8540,2.37,15740,4.37,20,40.0,20.4,73.9,2.67,2.85,2.99,2.86,275.80,236.73,215.32,238.47,0.40,0.56,0.14,0.36
6.716470,8.732871,1.041400,0.220778,0.837412,0.499998,291,8540,2.37,15740,4.37,0,40.0,20.4,73.9,2.67,2.85,2.99,2.86,275.79,236.87,215.83,238.71,0.40,0.55,0.14,0.36
6.716470,8.732871,1.041400,0.220778,0.837412,0.499998,292,8540,2.37,15740,4.37,0,40.0,20.4,73.9,2.67,2.85,2.99,2.86,275.72,236.85,215.81,238.68,0.40,0.55,0.14,0.36
6.716470,8.732871,1.041400,0.220778,0.837412,0.499998,293,8540,2.37,15740,4.37,0,40.0,20.4,73.9,2.67,2.85,2.99,2.86,275.81,236.96,215.86,238.76,0.40,0.55,0.14,0.36
6.716470,8.732871,1.041400,0.220778,0.837412,0.499998,294,8540,2.37,15740,4.37,0,40.0,20.4,73.9,2.67,2.85,2.99,2.86,275.80,237.03,215.89,238.79,0.40,0.55,0.14,0.36
6.716470,8.732871,1.041400,0.220778,0.837412,0.499998,295,8540,2.37,15740,4.37,0,39.9,20.4,73.9,2.67,2.85,2.99,2.86,275.79,237.08,215.98,238.85,0.40,0.55,0.14,0.36
6.716470,8.732871,1.041400,0.220778,0.837412,0.499998,296,8540,2.37,15740,4.37,0,39.9,20.4,73.9,2.67,2.85,2.99,2.86,275.85,237.21,215.96,238.90,0.40,0.55,0.14,0.36
6.716470,8.732871,1.041400,0.220778,0.837412,0.499998,297,8540,2.37,15740,4.37,0,39.9,20.4,73.9,2.67,2.85,2.99,2.86,275.87,237.31,215.95,238.94,0.40,0.55,0.14,0.36
6.716470,8.732871,1.041400,0.220778,0.837412,0.499998,298,8560,2.38,15760,4.38,20,39.9,20.4,73.9,2.67,2.85,2.99,2.86,275.98,237.45,215.94,239.02,0.40,0.54,0.14,0.36
6.716470,8.732871,1.041400,0.220778,0.837412,0.499998,299,8560,2.38,15760,4.38,0,39.9,20.4,73.9,2.67,2.85,2.99,2.86,276.01,237.57,215.92,239.06,0.40,0.54,0.14,0.36
6.716470,8.732871,1.041400,0.220778,0.837412,0.499998,300,8560,2.38,15760,4.38,0,39.9,20.4,73.9,2.67,2.85,2.99,2.86,276.04,237.66,215.97,239.12,0.40,0.54,0.14,0.35
6.716470,8.732871,1.041400,0.220778,0.837412,0.499998,301,8560,2.38,15760,4.38,0,39.9,20.4,73.9,2.67,2.85,2.99,2.86,276.13,237.82,215.92,239.18,0.40,0.54,0.14,0.35
6.716470,8.732871,1.041400,0.220778,0.837412,0.499998,302,8580,2.38,15780,4.38,20,39.8,20.4,73.9,2.67,2.85,2.99,2.86,276.19,237.95,215.88,239.23,0.40,0.54,0.14,0.35
6.716470,8.732871,1.041400,0.220778,0.837412,0.499998,303,8580,2.38,15780,4.38,0,39.8,20.4,73.9,2.67,2.85,2.99,2.86,276.24,238.07,215.90,239.30,0.40,0.57,0.14,0.36
6.716470,8.732871,1.041400,0.220778,0.837412,0.499998,304,8580,2.38,15780,4.38,0,39.8,20.4,73.9,2.67,2.85,2.99,2.86,276.35,238.24,215.83,239.36,0.40,0.56,0.14,0.36
6.716470,8.732871,1.041400,0.220778,0.837412,0.499998,305,8580,2.38,15780,4.38,0,39.8,20.3,73.9,2.67,2.85,2.99,2.86,276.42,238.37,215.82,239.43,0.40,0.56,0.14,0.36
6.716470,8.732871,1.041400,0.220778,0.837412,0.499998,306,8600,2.39,15800,4.39,20,39.8,20.3,73.9,2.67,2.85,2.98,2.86,276.48,238.50,215.79,239.48,0.40,0.56,0.14,0.36
6.716470,8.732871,1.041400,0.220778,0.837412,0.499998,307,8600,2.39,15800,4.39,0,39.7,20.3,73.9,2.67,2.85,2.98,2.86,276.55,238.65,215.74,239.53,0.40,0.56,0.14,0.36
6.716470,8.732871,1.041400,0.220778,0.837412,0.499998,308,8600,2.39,15800,4.39,0,39.7,20.3,73.9,2.67,2.85,2.98,2.86,276.63,238.78,215.74,239.60,0.40,0.56,0.14,0.36
6.716470,8.732871,1.041400,0.220778,0.837412,0.499998,309,8620,2.39,15820,4.39,20,39.7,20.3,73.9,2.67,2.85,2.98,2.86,276.69,238.92,215.70,239.66,0.39,0.55,0.14,0.36
6.716470,8.732871,1.041400,0.220778,0.837412,0.499998,310,8620,2.39,15820,4.39,0,39.7,20.3,73.8,2.67,2.85,2.98,2.86,276.78,239.05,215.70,239.73,0.39,0.55,0.14,0.36
6.716470,8.732871,1.041400,0.220778,0.837412,0.499998,311,8620,2.39,15820,4.39,0,39.7,20.3,73.8,2.67,2.85,2.98,2.86,276.85,239.21,215.65,239.78,0.39,0.55,0.14,0.36
6.716470,8.732871,1.041400,0.220778,0.837412,0.499998,312,8620,2.39,15820,4.39,0,39.6,20.3,73.8,2.67,2.85,2.98,2.86,276.95,239.38,215.58,239.85,0.39,0.55,0.14,0.36
6.716470,8.732871,1.041400,0.220778,0.837412,0.499998,313,8640,2.40,15840,4.40,20,39.6,20.3,73.8,2.67,2.85,2.98,2.86,277.06,239.54,215.55,239.92,0.39,0.55,0.14,0.36
6.716470,8.732871,1.041400,0.220778,0.837412,0.499998,314,8640,2.40,15840,4.40,0,39.6,20.3,73.8,2.67,2.85,2.98,2.86,277.16,239.72,215.47,239.99,0.39,0.54,0.14,0.35
6.716470,8.732871,1.041400,0.220778,0.837412,0.499998,315,8660,2.41,15860,4.41,20,39.6,20.3,73.8,2.67,2.85,2.98,2.86,277.28,239.92,215.37,240.06,0.39,0.54,0.14,0.35
6.716470,8.732871,1.041400,0.220778,0.837412,0.499998,316,8660,2.41,15860,4.41,0,39.6,20.3,73.8,2.67,2.85,2.98,2.86,277.42,240.10,215.32,240.14,0.39,0.54,0.14,0.35
6.716470,8.732871,1.041400,0.220778,0.837412,0.499998,317,8660,2.41,15860,4.41,0,39.5,20.2,73.8,2.67,2.85,2.98,2.86,277.54,240.31,215.22,240.21,0.39,0.54,0.14,0.35
6.716470,8.732871,1.041400,0.220778,0.837412,0.499998,318,8680,2.41,15880,4.41,20,39.5,20.2,73.8,2.67,2.85,2.98,2.86,277.69,240.50,215.15,240.29,0.39,0.54,0.14,0.35
6.716470,8.732871,1.041400,0.220778,0.837412,0.499998,319,8680,2.41,15880,4.41,0,39.5,20.2,73.8,2.67,2.85,2.98,2.86,277.77,240.68,215.08,240.35,0.39,0.53,0.14,0.35
6.716470,8.732871,1.041400,0.220778,0.837412,0.499998,320,8700,2.42,15900,4.42,20,39.4,20.2,73.8,2.67,2.85,2.98,2.86,277.91,240.89,214.98,240.43,0.39,0.53,0.14,0.35
6.716470,8.732871,1.041400,0.220778,0.837412,0.499998,321,8700,2.42,15900,4.42,0,39.4,20.2,73.8,2.67,2.85,2.98,2.86,278.07,241.10,214.90,240.52,0.39,0.53,0.14,0.35
6.716470,8.732871,1.041400,0.220778,0.837412,0.499998,322,8700,2.42,15900,4.42,0,39.4,20.2,73.7,2.67,2.85,2.98,2.86,278.17,241.30,214.81,240.58,0.39,0.53,0.14,0.35
6.716470,8.732871,1.041400,0.220778,0.837412,0.499998,323,8720,2.42,15920,4.42,20,39.4,20.2,73.7,2.67,2.85,2.98,2.86,278.28,241.50,214.72,240.65,0.39,0.53,0.14,0.35
6.716470,8.732871,1.041400,0.220778,0.837412,0.499998,324,8720,2.42,15920,4.42,0,39.3,20.2,73.7,2.67,2.85,2.98,2.86,278.44,241.71,214.65,240.74,0.39,0.52,0.14,0.35
6.716470,8.732871,1.041400,0.220778,0.837412,0.499998,325,8740,2.43,15940,4.43,20,39.3,20.2,73.7,2.67,2.85,2.98,2.86,278.56,241.91,214.55,240.81,0.39,0.52,0.14,0.35
6.716470,8.732871,1.041400,0.220778,0.837412,0.499998,326,8740,2.43,15940,4.43,0,39.3,20.2,73.7,2.67,2.85,2.98,2.86,278.68,242.10,214.50,240.90,0.39,0.52,0.14,0.34
6.716470,8.732871,1.041400,0.220778,0.837412,0.499998,327,8760,2.43,15960,4.43,20,39.2,20.1,73.7,2.67,2.85,2.98,2.86,278.84,242.34,214.38,240.98,0.39,0.52,0.14,0.34
6.716470,8.732871,1.041400,0.220778,0.837412,0.499998,328,8760,2.43,15960,4.43,0,39.2,20.1,73.7,2.67,2.85,2.98,2.86,278.98,242.57,214.26,241.06,0.39,0.52,0.14,0.34
6.716470,8.732871,1.041400,0.220778,0.837412,0.499998,329,8780,2.44,15980,4.44,20,39.2,20.1,73.7,2.67,2.85,2.98,2.86,279.13,242.78,214.19,241.15,0.38,0.51,0.14,0.34
6.716470,8.732871,1.041400,0.220778,0.837412,0.499998,330,8780,2.44,15980,4.44,0,39.2,20.1,73.7,2.68,2.85,2.98,2.86,279.22,242.97,214.12,241.21,0.40,0.51,0.14,0.35
6.716470,8.732871,1.041400,0.220778,0.837412,0.499998,331,8780,2.44,15980,4.44,0,39.1,20.1,73.7,2.68,2.86,2.98,2.86,279.36,243.18,214.02,241.29,0.40,0.51,0.14,0.34
6.716470,8.732871,1.041400,0.220778,0.837412,0.499998,332,8800,2.44,16000,4.44,20,39.1,20.1,73.7,2.68,2.86,2.98,2.86,279.47,243.36,214.00,241.37,0.40,0.51,0.14,0.34
6.716470,8.732871,1.041400,0.220778,0.837412,0.499998,333,8800,2.44,16000,4.44,0,39.1,20.1,73.6,2.68,2.86,2.98,2.86,279.59,243.56,213.92,241.45,0.40,0.51,0.14,0.34
6.716470,8.732871,1.041400,0.220778,0.837412,0.499998,334,8820,2.45,16020,4.45,20,39.1,20.1,73.6,2.68,2.86,2.98,2.86,279.74,243.79,213.81,241.54,0.40,0.50,0.14,0.34
6.716470,8.732871,1.041400,0.220778,0.837412,0.499998,335,8820,2.45,16020,4.45,0,39.1,20.1,73.6,2.68,2.86,2.98,2.86,279.92,244.02,213.73,241.63,0.40,0.50,0.14,0.34
6.716470,8.732871,1.041400,0.220778,0.837412,0.499998,336,8840,2.46,16040,4.46,20,39.0,20.0,73.6,2.68,2.86,2.98,2.86,280.08,244.27,213.60,241.72,0.40,0.50,0.14,0.34
6.716470,8.732871,1.041400,0.220778,0.837412,0.499998,337,8840,2.46,16040,4.46,0,39.0,20.0,73.6,2.68,2.86,2.98,2.86,280.28,244.52,213.50,241.83,0.40,0.50,0.14,0.34
6.716470,8.732871,1.041400,0.220778,0.837412,0.499998,338,8860,2.46,16060,4.46,20,38.9,20.0,73.6,2.68,2.86,2.98,2.86,280.47,244.79,213.35,241.92,0.40,0.50,0.14,0.34
6.716470,8.732871,1.041400,0.220778,0.837412,0.499998,339,8860,2.46,16060,4.46,0,38.9,20.0,73.6,2.68,2.86,2.98,2.86,280.68,245.08,213.18,242.02,0.40,0.49,0.14,0.34
6.716470,8.732871,1.041400,0.220778,0.837412,0.499998,340,8880,2.47,16080,4.47,20,38.9,20.0,73.6,2.68,2.86,2.98,2.86,280.81,245.24,212.98,242.03,0.40,0.49,0.14,0.34
6.716470,8.732871,1.041400,0.220778,0.837412,0.499998,341,8880,2.47,16080,4.47,0,38.8,20.0,73.6,2.68,2.86,2.98,2.86,280.92,245.31,212.78,242.01,0.40,0.50,0.14,0.34
6.716470,8.732871,1.041400,0.220778,0.837412,0.499998,342,8900,2.47,16100,4.47,20,38.8,20.0,73.6,2.68,2.86,2.98,2.86,280.96,245.35,212.61,241.97,0.40,0.50,0.14,0.34
6.716470,8.732871,1.041400,0.220778,0.837412,0.499998,343,8900,2.47,16100,4.47,0,38.8,20.0,73.6,2.68,2.86,2.98,2.86,281.03,245.36,212.49,241.95,0.40,0.50,0.14,0.34
6.716470,8.732871,1.041400,0.220778,0.837412,0.499998,344,8900,2.47,16100,4.47,0,38.8,20.0,73.6,2.68,2.86,2.98,2.86,281.07,245.38,212.35,241.91,0.40,0.50,0.14,0.34
6.716470,8.732871,1.041400,0.220778,0.837412,0.499998,345,8900,2.47,16100,4.47,0,38.8,20.0,73.6,2.68,2.86,2.98,2.86,281.12,245.38,212.25,241.89,0.40,0.50,0.14,0.34
6.716470,8.732871,1.041400,0.220778,0.837412,0.499998,346,8900,2.47,16100,4.47,0,38.8,20.0,73.6,2.68,2.86,2.98,2.86,281.16,245.39,212.11,241.85,0.40,0.50,0.14,0.34
6.716470,8.732871,1.041400,0.220778,0.837412,0.499998,347,8900,2.47,16100,4.47,0,38.8,20.0,73.6,2.68,2.86,2.98,2.86,281.20,245.38,212.02,241.83,0.40,0.50,0.14,0.34
6.716470,8.732871,1.041400,0.220778,0.837412,0.499998,348,8900,2.47,16100,4.47,0,38.8,20.0,73.6,2.68,2.86,2.98,2.86,281.19,245.36,211.92,241.78,0.40,0.50,0.14,0.34
6.716470,8.732871,1.041400,0.220778,0.837412,0.499998,349,8900,2.47,16100,4.47,0,38.8,20.0,73.6,2.68,2.86,2.98,2.86,281.22,245.34,211.85,241.75,0.40,0.50,0.14,0.34
6.716470,8.732871,1.041400,0.220778,0.837412,0.499998,350,8900,2.47,16100,4.47,0,38.8,20.0,73.6,2.68,2.86,2.98,2.86,281.24,245.33,211.74,241.71,0.40,0.50,0.14,0.34
6.716470,8.732871,1.041400,0.220778,0.837412,0.499998,351,8900,2.47,16100,4.47,0,38.8,20.0,73.6,2.68,2.86,2.98,2.86,281.28,245.32,211.66,241.68,0.40,0.50,0.14,0.34
6.716470,8.732871,1.041400,0.220778,0.837412,0.499998,352,8900,2.47,16100,4.47,0,38.8,20.0,73.6,2.68,2.86,2.98,2.86,281.30,245.32,211.54,241.65,0.40,0.51,0.14,0.34
6.716470,8.732871,1.041400,0.220778,0.837412,0.499998,353,8900,2.47,16100,4.47,0,38.8,20.0,73.6,2.68,2.86,2.97,2.86,281.34,245.33,211.41,241.61,0.40,0.51,0.14,0.34
6.716470,8.732871,1.041400,0.220778,0.837412,0.499998,354,8900,2.47,16100,4.47,0,38.8,20.0,73.6,2.68,2.86,2.97,2.86,281.39,245.33,211.31,241.59,0.40,0.51,0.14,0.34
6.716470,8.732871,1.041400,0.220778,0.837412,0.499998,355,8900,2.47,16100,4.47,0,38.8,20.0,73.6,2.68,2.86,2.97,2.86,281.38,245.30,211.22,241.54,0.40,0.51,0.14,0.34
6.716470,8.732871,1.041400,0.220778,0.837412,0.499998,356,8900,2.47,16100,4.47,0,38.8,20.0,73.6,2.68,2.86,2.97,2.86,281.41,245.28,211.15,241.51,0.40,0.51,0.14,0.34
6.716470,8.732871,1.041400,0.220778,0.837412,0.499998,357,8900,2.47,16100,4.47,0,38.8,20.0,73.6,2.68,2.86,2.97,2.86,281.43,245.28,211.04,241.48,0.40,0.51,0.14,0.34
6.716470,8.732871,1.041400,0.220778,0.837412,0.499998,358,8900,2.47,16100,4.47,0,38.8,20.0,73.6,2.68,2.86,2.97,2.86,281.47,245.27,210.96,241.45,0.40,0.51,0.14,0.34
6.716470,8.732871,1.041400,0.220778,0.837412,0.499998,359,8900,2.47,16100,4.47,0,38.8,20.0,73.6,2.68,2.86,2.97,2.86,281.49,245.27,210.84,241.42,0.40,0.51,0.14,0.34
6.716470,8.732871,1.041400,0.220778,0.837412,0.499998,360,8900,2.47,16100,4.47,0,38.8,20.0,73.6,2.68,2.86,2.97,2.86,281.53,245.27,210.76,241.39,0.40,0.51,0.14,0.34
6.716470,8.732871,1.041400,0.220778,0.837412,0.499998,361,8900,2.47,16100,4.47,0,38.8,20.0,73.6,2.68,2.86,2.97,2.86,281.56,245.27,210.64,241.36,0.40,0.51,0.14,0.34
6.716470,8.732871,1.041400,0.220778,0.837412,0.499998,362,8900,2.47,16100,4.47,0,38.8,20.0,73.6,2.68,2.86,2.97,2.86,281.56,245.24,210.58,241.32,0.40,0.51,0.14,0.35
6.716470,8.732871,1.041400,0.220778,0.837412,0.499998,363,8900,2.47,16100,4.47,0,38.8,20.0,73.6,2.68,2.86,2.97,2.86,281.58,245.23,210.48,241.29,0.40,0.51,0.14,0.35
6.716470,8.732871,1.041400,0.220778,0.837412,0.499998,364,8900,2.47,16100,4.47,0,38.9,20.0,73.6,2.68,2.86,2.97,2.86,281.61,245.21,210.41,241.26,0.40,0.52,0.14,0.35
